"Date","Price_WMG","Return_WMG","Price_UMG","Return_UMG","Price_SPOT","Return_SPOT","Price_RSVR","Return_RSVR","Price_LYV","Return_LYV","date","rate_week_average","sp500","cd","tech","sp_returns","sp_returns_excess"
2021-11-05,48.19,-2.626793292,30.01931,0.55113471,289.05,-0.120939876,9.88,15.15151515,123.8,22.39248641,"2021-11-05",0.05,4676.092,1661.57,9690.306,1.00819867591362,0.958198675913624
2021-11-12,48.35,0.332019091,31.25577,-1.514599144,280.56,-2.937208095,9.45,-4.352226721,112.32,-9.273021002,"2021-11-12",0.05,4691.952,1604.46,9799.144,1.00339172112097,0.95339172112097
2021-11-19,43.31,-10.42399173,28.27889,-2.003565159,259.55,-7.48859424,8.27,-12.48677249,112.54,0.195868946,"2021-11-19",0.055,4693.265,1669.41,9652.2925,1.00027984088499,0.945279840884988
2021-11-26,42.98,-0.761948742,28.8252,0.542805301,250.89,-3.336544018,7.79,-5.804111245,103.53,-8.006042296,"2021-11-26",0.056,4581.406,1643.55,9433.478,0.976166059235948,0.920166059235948
2021-12-03,41.87,-2.582596557,28.03431,-2.371421199,228.8,-8.804655427,7.61,-2.310654685,100.93,-2.511349367,"2021-12-03",0.062,4637.102,1607.67,9425.93,1.01215696666045,0.950156966660453
2021-12-10,40.81,-2.53164557,28.43899,0.536958543,233.26,1.949300699,7.62,0.131406045,111.87,10.83919548,"2021-12-10",0.054,4678.72,1614.99,9369.598,1.00897500205948,0.954975002059476
2021-12-17,40.33,-1.176182308,27.95027,3.436309754,235.28,0.865986453,7.77,1.968503937,105.14,-6.015911326,"2021-12-17",0.07,4652.048,1546.63,9371.358,0.994299295533821,0.924299295533821
2022-01-07,39.92,-7.54979157,26.8593,1.246350174,223.58,-4.465239499,7.51,-5.056890013,115.86,-3.199933161,"2022-01-07",0.092,4732.752,1597.83,9215.118,0.992986416795001,0.900986416795001
2022-01-14,40.27,0.876753507,26.7719,-3.374854775,218.56,-2.245281331,7.03,-6.391478029,114.81,-0.906266183,"2022-01-14",0.124,4686.318,1545.66,9029.41,0.990188795018205,0.866188795018205
2022-01-21,39.15,-2.78122672,25.48312,-2.311424331,195.53,-10.53715227,6.88,-2.13371266,109.74,-4.415991638,"2022-01-21",0.1725,4497.635,1454.7,8484.235,0.959737474068128,0.787237474068128
2022-01-28,41.26,5.389527458,24.20882,-1.211876372,172.98,-11.53275712,6.12,-11.04651163,105.27,-4.073264079,"2022-01-28",0.196,4374.974,1370.94,8091.372,0.972727666873813,0.776727666873813
2022-02-04,41.98,1.745031508,24.21376,-3.031739859,174.43,0.838247196,6.18,0.980392157,108.36,2.935309205,"2022-02-04",0.216,4525.888,1447.35,8491.286,1.0344948335693,0.818494833569297
2022-02-11,38.31,-8.742258218,23.928,-2.747085928,161.93,-7.166198475,7.02,13.59223301,115.75,6.819859727,"2022-02-11",0.32,4503.062,1464.7,8483.212,0.994956569848834,0.674956569848834
2022-02-18,36.63,-4.385277995,22.3768,-3.21972351,152.27,-5.965540666,7.62,8.547008547,117.44,1.460043197,"2022-02-18",0.394,4415.376,1430.1,8276.494,0.980527472195586,0.586527472195586
2022-02-25,36.51,-0.327600328,21.55125,-1.404684447,151.91,-0.236422145,7.23,-5.118110236,126.04,7.322888283,"2022-02-25",0.3525,4300.9025,1366.14,8026.5925,0.97407389540551,0.62157389540551
2022-03-04,33.02,-9.559024925,19.88532,-7.064698473,135.17,-11.01968271,7.5,3.734439834,114.38,-9.251031419,"2022-03-04",0.344,4351.82,1367.47,8132.318,1.01183879429957,0.667838794299568
2022-03-11,31.79,-3.725015142,22.26318,3.556224952,124.29,-8.049123326,8.24,9.866666667,108.55,-5.097044938,"2022-03-11",0.378,4222.7,1352.6,7590.016,0.970329655178753,0.592329655178753
2022-03-18,37.21,17.0493866,25.1924,2.031484589,144.78,16.48563843,8.96,8.737864078,112.98,4.081068632,"2022-03-18",0.43,4333.642,1403.67,7728.058,1.02627276387146,0.596272763871457
2022-03-25,37.91,1.881214727,25.74642,1.401225018,146.04,0.870285951,10.09,12.61160714,116.3,2.938573199,"2022-03-25",0.518,4498.45,1454.72,8244.242,1.03802990648512,0.520029906485123
2022-04-01,36.98,-2.453178581,26.496,-1.18189379,153.7,5.245138318,9.91,-1.7839445,114.37,-1.65950129,"2022-04-01",0.548,4577.168,1469.63,8423.458,1.01749891629339,0.46949891629339
2022-04-08,37.3,0.865332612,25.88623,-1.166738318,141.28,-8.080676643,8.84,-10.79717457,107.88,-5.674565008,"2022-04-08",0.672,4515.48,1426.96,8098.368,0.986522670786827,0.314522670786827
2022-04-29,29.77,-5.009572431,23.50845,2.905262697,101.65,-7.766990291,9.31,4.022346369,104.88,-0.972523841,"2022-04-29",0.846,4214.942,1312.32,7240.72,0.958865797434709,0.112865797434709
2022-05-06,29.14,-2.116224387,21.96767,-2.63360379,104.68,2.980816527,8.69,-6.659505908,92.51,-11.79443173,"2022-05-06",0.872,4180.248,1238.77,7197.604,0.991768807257609,0.119768807257609
2022-05-13,29.08,-0.205902539,21.24477,2.118482756,106.09,1.34696217,7.27,-16.3406214,91.25,-1.362014917,"2022-05-13",0.934,3976.288,1165.95,6544.314,0.951208636425399,0.0172086364253987
2022-05-20,29.76,2.338376891,21.52523,1.499680061,107.27,1.112263173,7.86,8.115543329,89.28,-2.15890411,"2022-05-20",1.04,3964.538,1125.55,6624.72,0.997044982657192,-0.0429550173428082
2022-05-27,29.72,-0.134408602,22.34106,1.769308033,112.97,5.313694416,7.14,-9.160305344,95.49,6.955645161,"2022-05-27",1.058,4022.008,1175.56,6746.578,1.0144960144158,-0.0435039855841968
2022-06-03,29.42,-1.009421265,22.84741,-1.686197544,112.23,-0.655041161,7.81,9.383753501,95.3,-0.198973715,"2022-06-03",1.1375,4129.685,1211.35,7093.94,1.0267719507271,-0.1107280492729
2022-06-10,27.41,-6.832087016,21.71761,-3.212478229,102.23,-8.910273545,6.69,-14.34058899,92.31,-3.137460651,"2022-06-10",1.264,4063.312,1152.37,6987.75,0.983927829846586,-0.280072170153414
2022-06-17,25.09,-8.46406421,19.52701,1.590422297,99.27,-2.895431869,6.56,-1.943198804,84.7,-8.243960568,"2022-06-17",1.656,3723.342,1050.21,6211.96,0.916331800265399,-0.739668199734601
2022-06-24,26.19,4.384216819,21.094,9.684803086,107,7.786843961,6.4,-2.43902439,86.8,2.479338843,"2022-06-24",1.62,3808.0375,1117.83,6421.21,1.02274717176128,-0.597252828238717
2022-07-01,24.57,-6.18556701,19.88862,-0.84529147,97.52,-8.859813084,6.28,-1.875,83.06,-4.30875576,"2022-07-01",1.71,3830.24,1080.8,6377.08,1.00583043102911,-0.704169568970894
2022-07-08,25.28,2.88970289,21.29478,2.667056865,104.24,6.890894176,6.89,9.713375796,84.36,1.565133638,"2022-07-08",1.8775,3869.6175,1140.18,6523.035,1.01028068737207,-0.867219312627929
2022-07-15,25.74,1.819620253,20.87775,2.158677157,102.33,-1.832310054,6.17,-10.44992743,84.48,0.142247511,"2022-07-15",2.248,3825.71,1132.58,6379.018,0.988653271285857,-1.25934672871414
2022-07-22,27.49,6.798756799,21.91694,-0.277142669,111.65,9.107788527,6.51,5.510534846,91.58,8.404356061,"2022-07-22",2.43,3937.604,1229.27,6755.71,1.02924790431057,-1.40075209568943
2022-07-29,30,9.130592943,22.48948,1.348931846,113.02,1.227048813,6.5,-0.153609831,93.99,2.631578947,"2022-07-29",2.418,4022.844,1264.43,6828.02,1.02164768219455,-1.39635231780545
2022-08-05,31.5,5,21.84254,-2.460095457,118.73,5.05220315,7.05,8.461538462,96.76,2.947122034,"2022-08-05",2.458,4132.424,1300.63,7192.258,1.02723943558338,-1.43076056441662
2022-08-12,30.3,-3.80952381,21.99101,-0.521075535,123.63,4.127010865,6.7,-4.964539007,97.89,1.16783795,"2022-08-12",2.552,4192.038,1317.86,7268.354,1.01442591563692,-1.53757408436308
2022-08-19,28.33,-6.501650165,20.91502,-2.637558358,111.43,-9.868154979,6.29,-6.119402985,94.28,-3.687812851,"2022-08-19",2.616,4277.72,1332.54,7303.112,1.02043922311773,-1.59556077688227
2022-08-26,27.4,-3.282739146,20.34922,-1.309697191,109.31,-1.902539711,6.55,4.13354531,91.8,-2.630462452,"2022-08-26",2.748,4132.854,1306.56,6884.044,0.966134763378622,-1.78186523662138
2022-09-02,26.79,-2.226277372,19.13642,0.868134255,104.42,-4.473515689,6.61,0.916030534,89.64,-2.352941176,"2022-09-02",2.874,3972.576,1246.91,6483.236,0.961218567120929,-1.91278143287907
2022-09-09,28.14,5.039193729,19.67568,2.0520175,110.28,5.611951733,7.06,6.807866868,93.12,3.882195448,"2022-09-09",2.9725,3990.4,1272.86,6438.9475,1.00448676123503,-1.96801323876497
2022-09-16,26.85,-4.584221748,18.66305,-4.740260569,100.34,-9.013420384,6.08,-13.88101983,87.43,-6.110395189,"2022-09-16",3.128,3952.758,1226.91,6390.678,0.990566860465116,-2.13743313953488
2022-09-23,25.04,-6.741154562,17.92495,-0.65217801,89.34,-10.96272673,5.44,-10.52631579,75.27,-13.90826947,"2022-09-23",3.214,3799.394,1161.79,6034.804,0.961200761594816,-2.25279923840518
2022-09-30,23.21,-7.308306709,18.92015,3.528816295,86.3,-3.402731139,4.88,-10.29411765,76.04,1.022983925,"2022-09-30",3.266,3649.492,1130.91,5816.976,0.960545813358657,-2.30545418664134
2022-10-07,22.78,-1.85264972,17.31992,-6.270692788,88.01,1.981460023,4.88,0,78.61,3.379800105,"2022-10-07",3.324,3727.364,1133.37,6026.952,1.02133776426966,-2.30266223573034
2022-10-14,23.22,1.931518876,18.02883,0.852011465,81.79,-7.067378707,4.63,-5.12295082,75.78,-3.600050884,"2022-10-14",3.595,3606.248,1119.27,5497.428,0.967506259115021,-2.62749374088498
2022-10-21,23.85,2.713178295,18.59965,0.654755269,88.7,8.448465583,4.97,7.343412527,79.53,4.948535234,"2022-10-21",3.886,3702.324,1089.81,5611.972,1.02664153990519,-2.85935846009481
2022-10-28,26.2,9.853249476,19.49038,-5.976661055,83.36,-6.020293123,5.71,14.88933602,80.06,0.666415189,"2022-10-28",3.97,3839.082,1099.51,5827.394,1.03693842030033,-2.93306157969967
2022-11-04,25.53,-2.557251908,19.47091,1.57790536,71.05,-14.76727447,5.77,1.050788091,70.72,-11.66625031,"2022-11-04",4.048,3795.642,1083.98,5596.994,0.988684794958795,-3.05931520504121
2022-11-11,28.47,11.51586369,22.6283,7.230372122,83.71,17.81843772,5.76,-0.173310225,76.7,8.455882353,"2022-11-11",4.105,3866.556,1106.12,5788.482,1.01868300540462,-3.08631699459538
2022-11-18,27.38,-3.8285915,21.40998,-0.500379921,76.99,-8.027714729,6.07,5.381944444,66.21,-13.67666232,"2022-11-18",4.144,3963.934,1107.36,6153.7,1.02518468632033,-3.11881531367967
2022-11-25,32.6,19.06501096,23.31464,0.419386086,78.73,2.260033771,6,-1.153212521,68.46,3.398278206,"2022-11-25",4.2175,4001.725,1106.33,6070.33,1.00953371070255,-3.20796628929745
2022-12-02,34.34,5.337423313,23.95718,1.622417252,80.31,2.006858885,6.56,9.333333333,73.92,7.975460123,"2022-12-02",4.256,4029.99,1117.01,6146.798,1.00706320399328,-3.24893679600672
2022-12-09,33.31,-2.999417589,23.98688,0.705238277,78.17,-2.664674387,6.12,-6.707317073,71.77,-2.908549784,"2022-12-09",4.22,3954.382,1078.29,6028.554,0.981238663123234,-3.23876133687677
2022-12-16,33.64,0.990693485,23.59613,-0.768455679,74.74,-4.387872585,6.78,10.78431373,69.37,-3.344015605,"2022-12-16",4.24,3950.728,1053.75,6145.204,0.999075961806421,-3.24092403819358
2022-12-23,35.62,5.885850178,23.72731,0.565144399,77.7,3.96039604,5.7,-15.92920354,70.69,1.902839844,"2022-12-23",4.244,3836.986,998.9,5830.132,0.971209863093587,-3.27279013690641
2022-12-30,35.02,-1.68444694,24.11046,-1.328499845,78.95,1.608751609,5.97,4.736842105,69.74,-1.343895883,"2022-12-30",4.335,3825.3125,998.21,5690.615,0.996957638104491,-3.33804236189551
2023-01-06,37.91,8.252427184,24.99398,0.918254291,83.54,5.813806206,6.43,7.70519263,72.38,3.785488959,"2023-01-06",4.4575,3845.0725,1001.09,5747.575,1.00516559104648,-3.45233440895352
2023-01-13,32.58,-14.05961488,24.81236,-2.884764417,92.06,10.19870721,6.64,3.265940902,74.66,3.150041448,"2023-01-13",4.54,3952.642,1062.72,6045.942,1.02797593543425,-3.51202406456575
2023-01-20,35.57,9.177409454,25.5322,3.172868157,97.91,6.35455138,6.94,4.518072289,75.11,0.602732387,"2023-01-20",4.555,3947.8225,1058.12,6118.6275,0.998780688967025,-3.55621931103297
2023-01-27,35.77,0.562271577,25.29838,-0.515738985,102.24,4.422428761,7.05,1.585014409,80.36,6.989748369,"2023-01-27",4.566,4036.794,1127.16,6440.74,1.02253685417721,-3.54346314582279
2023-02-03,37.04,3.55046128,25.96376,0.977150811,121.17,18.51525822,7.26,2.978723404,79.8,-0.696864111,"2023-02-03",4.562,4105.964,1176.24,6685.85,1.01713488476251,-3.54486511523749
2023-02-10,34.33,-7.316414687,23.90165,-3.257958001,125.16,3.292894281,7.21,-0.688705234,76.41,-4.248120301,"2023-02-10",4.614,4112.98,1153.9,6770.822,1.00170873392947,-3.61229126607053
2023-02-17,33.19,-3.320710749,24.04911,-1.357380874,125.33,0.135826143,6.99,-3.051317614,76.39,-0.026174584,"2023-02-17",4.682,4118.104,1163.4,6828.384,1.00124581203896,-3.68075418796104
2023-02-24,32.2,-2.982826152,23.53036,-1.266231764,117.14,-6.534748265,6.63,-5.150214592,68.78,-9.962036916,"2023-02-24",4.715,3992.6875,1114.47,6557.065,0.969545086768085,-3.74545491323191
2023-03-03,31.81,-1.211180124,23.30594,-1.151901832,123.74,5.634283763,6.51,-1.809954751,72.97,6.091887177,"2023-03-03",4.734,3986.154,1121.45,6620.544,0.998363633517524,-3.73563636648248
2023-03-10,29.75,-6.475950959,23.20508,-0.276414519,121.66,-1.680943915,6.14,-5.683563748,66.65,-8.6610936,"2023-03-10",4.844,3961.342,1086.93,6607.952,0.993775453733097,-3.8502245462669
2023-03-17,30.21,1.546218487,22.81354,-0.561104023,127.09,4.463258261,6.15,0.16286645,66.34,-0.465116279,"2023-03-17",4.586,3908.78,1110.12,6665.178,0.986731264303865,-3.59926873569614
2023-03-24,31.5,4.270109235,24.5535,-0.614201684,128.3,0.952081202,6.08,-1.138211382,65.95,-0.587880615,"2023-03-24",4.608,3962.224,1101.77,6823.15,1.01367280839546,-3.59432719160454
2023-03-31,33.37,5.936507937,25.3302,0.402239987,133.62,4.146531567,6.52,7.236842105,70,6.141015921,"2023-03-31",4.702,4027.35,1140.01,6912.04,1.01643672846361,-3.68556327153639
2023-04-21,31.13,-0.733418367,22.72653,-0.990680027,133.76,-0.727326703,6.05,-3.044871795,66.98,-2.871229698,"2023-04-21",5.012,4144.804,1146.6,6837.296,1.00632033042858,-4.00567966957142
2023-04-28,30.47,-2.120141343,21.85241,1.144402541,133.6,-0.119617225,6.64,9.752066116,67.78,1.194386384,"2023-04-28",4.998,4113.898,1148.64,6632.814,0.992543435105737,-4.00545656489426
2023-05-05,27.56,-9.55037742,21.18144,1.517531192,141.75,6.100299401,6.4,-3.614457831,77.16,13.83889053,"2023-05-05",5.094,4115.134,1134.49,6655.146,1.00030044497943,-4.09369955502057
2023-05-12,25.29,-8.236574746,20.11961,-1.963687855,142.53,0.55026455,6.2,-3.125,78.15,1.283048212,"2023-05-12",5.096,4129.926,1170.22,6766.438,1.00359453665421,-4.09240546334579
2023-05-19,25.62,1.304863582,20.58695,0.32792941,149.43,4.841086087,6.59,6.290322581,84.73,8.419705694,"2023-05-19",5.098,4158.996,1192.84,7059.418,1.00703886704023,-4.09096113295977
2023-05-26,24.96,-2.576112412,20.10536,-0.014620828,150.31,0.588904504,6.63,0.606980273,82.15,-3.044966364,"2023-05-26",5.2,4162.036,1166.58,7307.506,1.00073094564169,-4.19926905435831
2023-06-02,24.34,-2.483974359,20.38113,1.102592111,151.74,0.951367175,6.54,-1.357466063,82.83,0.827754108,"2023-06-02",5.2525,4222.185,1216.52,7711.525,1.01445182117598,-4.23804817882402
2023-06-09,24.84,2.054231717,20.87262,1.062059422,150.48,-0.830367734,6.47,-1.070336391,84.15,1.593625498,"2023-06-09",5.154,4283.59,1267.75,7725.486,1.01454341768539,-4.13945658231461
2023-06-16,27.16,9.339774557,22.04294,0.057511778,159.99,6.319776715,6.24,-3.554868624,90.18,7.165775401,"2023-06-16",5.102,4383.192,1309.45,8070.262,1.02325199190399,-4.07874800809601
2023-06-23,26.07,-4.013254786,20.99365,-0.963679001,157.49,-1.562597662,6.05,-3.044871795,87.76,-2.683521845,"2023-06-23",5.1475,4371.155,1299.39,7866.305,0.997253827804029,-4.15024617219597
2023-06-30,26.09,0.076716532,22.21813,-0.302527871,160.55,1.942980507,6.02,-0.495867769,91.11,3.817228806,"2023-06-30",5.196,4386.182,1322.46,7931.524,1.00343776416073,-4.19256223583927
2023-07-07,28.01,7.359141433,22.71204,1.351183105,156.97,-2.229834942,5.97,-0.830564784,91.76,0.713423334,"2023-07-07",5.2175,4428.2375,1325.05,7958.985,1.00958817942347,-4.20791182057653
2023-07-14,28.87,3.070332024,23.92783,0.01262288,172.03,9.594189973,5.92,-0.837520938,94.46,2.942458588,"2023-07-14",5.246,4467.282,1365.57,8177.224,1.00881716484267,-4.23718283515733
2023-07-21,31.03,7.481815033,24.32819,0.829867092,171.71,-0.186014067,5.54,-6.418918919,96.84,2.51958501,"2023-07-21",5.26,4542.94,1349.29,8345.324,1.01693602508192,-4.24306397491808
2023-07-28,31.92,2.868192072,25.49211,-3.552047883,148.6,-13.45873857,5.44,-1.805054152,89.33,-7.755059893,"2023-07-28",5.28,4561.698,1342.23,8333.768,1.00412904418724,-4.27587095581276
2023-08-04,31.17,-2.34962406,26.17265,2.229566312,144.12,-3.014804845,5.44,0,87.73,-1.791111609,"2023-08-04",5.274,4531.8,1370.4,8375.176,0.993445861606796,-4.2805541383932
2023-08-11,32.9,5.550208534,25.57219,-1.735070928,138.68,-3.774632251,5.36,-1.470588235,86.61,-1.276644249,"2023-08-11",5.286,4483.682,1335.69,8033.754,0.989382143960457,-4.29661785603954
2023-08-18,32.49,-1.246200608,25.02965,-1.162258065,131.87,-4.910585521,5.31,-0.932835821,84.39,-2.563214409,"2023-08-18",5.288,4414.396,1270.54,7834.724,0.984547075372428,-4.30345292462757
2023-08-25,32.48,-0.030778701,24.67966,-0.318234784,137.22,4.057025859,5.33,0.376647834,84.79,0.473989809,"2023-08-25",5.31,4401.07,1290.76,7900.62,0.996981240468685,-4.31301875953131
2023-09-01,33.65,3.602216749,24.43654,-1.507145975,157.56,14.82291211,5.44,2.063789869,84.05,-0.872744427,"2023-09-01",5.322,4493.848,1352.39,8208.646,1.02108078262786,-4.30091921737214
2023-09-08,32.84,-2.407132244,25.17816,1.345114591,155.47,-1.326478802,5.71,4.963235294,80.94,-3.700178465,"2023-09-08",5.31,4467.735,1327.36,8331.085,0.99418916705683,-4.31581083294317
2023-09-15,32.27,-1.735688185,25.81557,1.178012934,158.58,2.000385927,5.85,2.451838879,83.82,3.558191253,"2023-09-15",5.316,4474.444,1373.4,8239.144,1.00150165576069,-4.31449834423931
2023-09-22,30.69,-4.89618841,25.6703,0.249664439,156.35,-1.406230294,5.85,0,79.75,-4.855643045,"2023-09-22",5.32,4389.948,1287.7,7962.122,0.981115866015979,-4.33888413398402
2023-09-29,31.4,2.313457152,26.15939,1.962313601,154.64,-1.093700032,6.1,4.273504274,83.04,4.12539185,"2023-09-29",5.334,4294.646,1275.08,7856.994,0.97829085902612,-4.35570914097388
2023-10-06,32.9,4.777070064,26.17245,0.652236197,160.53,3.808846353,6.24,2.295081967,87.51,5.382947977,"2023-10-06",5.348,4269.656,1237.69,7934.284,0.994181126919425,-4.35381887308058
2023-10-13,32.38,-1.580547112,26.14639,-2.953587594,153.56,-4.341867564,5.83,-6.570512821,84.55,-3.382470575,"2023-10-13",5.345,4349.648,1271.91,8180.07,1.01873499879147,-4.32626500120853
2023-10-20,31.58,-2.470660902,25.77606,-1.32285108,149.92,-2.370408961,5.7,-2.229845626,79.95,-5.440567711,"2023-10-20",5.334,4312.718,1211.7,8028.458,0.991509657792998,-4.342490342207
2023-10-27,30.83,-2.374920836,24.66897,-6.72951754,159.35,6.290021345,5.31,-6.842105263,77,-3.689806129,"2023-10-27",5.318,4181.218,1190.6,7675.384,0.969508787729687,-4.34849121227031
2023-11-03,32.9,6.714239377,25.37153,2.85370399,169.98,6.670850329,5.95,12.0527307,85.36,10.85714286,"2023-11-03",5.304,4254.92,1264.29,7737.872,1.01762692115073,-4.28637307884927
2023-11-10,32.65,-0.759878419,25.09565,-1.458935415,170.98,0.588304506,5.69,-4.369747899,87.52,2.530459231,"2023-11-10",5.276,4377.946,1260.36,8112.048,1.02891382211651,-4.24708617788349
2023-11-17,31.81,-2.572741194,26.10333,-1.085533047,176.05,2.965259095,6,5.448154657,89.6,2.376599634,"2023-11-17",5.26,4486.478,1317.28,8525.316,1.02479062098984,-4.23520937901016
2023-11-24,33.32,4.746934926,26.52098,0.653082292,181.7,3.209315535,6,0,87.63,-2.198660714,"2023-11-24",5.27,4550.3825,1330.47,8698.67,1.01424380103948,-4.25575619896052
2023-12-01,34.59,3.81152461,26.76972,1.410595605,180.69,-0.55586131,6.04,0.666666667,84.25,-3.857126555,"2023-12-01",5.256,4563.666,1331.45,8804.134,1.00291920514374,-4.25308079485626
2023-12-08,33.93,-1.908065915,26.89,-0.774468374,198.05,9.607615253,5.93,-1.821192053,85.19,1.115727003,"2023-12-08",5.248,4575.252,1356.34,8787.584,1.00253874845355,-4.24546125154645
2023-12-15,33.59,-1.002063071,28.38782,0.21516673,192.17,-2.968947236,6.82,15.0084317,93,9.167742693,"2023-12-15",5.246,4682.394,1410.85,9296,1.023417726499,-4.222582273501
2023-12-22,35.29,5.061030068,28.21198,-0.194573315,189.59,-1.342561274,7.02,2.93255132,91.43,-1.688172043,"2023-12-22",5.238,4741.732,1429.23,9484.856,1.01267257731835,-4.22532742268165
2023-12-29,35.79,1.416831964,28.55618,0.025955584,187.91,-0.886122686,7.13,1.566951567,93.6,2.373400416,"2023-12-29",5.235,4777.3775,1427.77,9640.075,1.00751740081472,-4.22748259918528
2024-01-05,34.1,-4.721989383,27.59487,0.241823869,193.52,2.985471768,7.01,-1.683029453,89.21,-4.69017094,"2024-01-05",5.235,4708.39,1362.88,9165.1625,0.985559546006151,-4.24944045399385
2024-01-12,35.55,4.252199413,29.51025,2.971097503,203.03,4.914220752,7.03,0.285306705,90.66,1.625378321,"2024-01-12",5.234,4773.512,1400.64,9475.052,1.01383105477669,-4.22016894522331
2024-01-19,36.4,2.390998594,29.64258,1.506855226,204.71,0.827463922,7.09,0.853485064,91.18,0.573571586,"2024-01-19",5.225,4781.485,1383.55,9656.9725,1.00167025871099,-4.22332974128901
2024-01-26,37.23,2.28021978,30.1476,0.059609076,214.29,4.679790924,7.05,-0.564174894,89.29,-2.072822987,"2024-01-26",5.212,4873.742,1377.07,10034.562,1.01929463336181,-4.19270536663819
2024-02-02,36.66,-1.531023368,29.20307,-1.473457986,222.47,3.817256988,6.9,-2.127659574,88.2,-1.220741404,"2024-02-02",5.22,4912.67,1414.28,9952.074,1.00798729190015,-4.21201270809985
2024-02-09,35.71,-2.591380251,29.56443,0.671599608,240.77,8.225828202,6.41,-7.101449275,89.53,1.507936508,"2024-02-09",5.23,4983.324,1436.23,10164.07,1.01438199594111,-4.21561800405889
2024-02-16,35.54,-0.476057127,28.96049,0.522806941,246.25,2.276031067,6.96,8.580343214,93.25,4.155031833,"2024-02-16",5.236,5002.186,1441.57,10288.366,1.00378502381142,-4.23221497618858
2024-02-23,34.38,-3.263927968,29.16255,0.120539258,256.1,4,7.05,1.293103448,95.32,2.219839142,"2024-02-23",5.2475,5033.285,1461.74,10158.395,1.0062170818918,-4.2412829181082
2024-03-01,35.48,3.199534613,29.86953,-0.764362317,263.75,2.987114408,7.33,3.971631206,97.15,1.91984893,"2024-03-01",5.246,5090.164,1482.59,10390.604,1.01130057209159,-4.23469942790841
2024-03-08,33.93,-4.368658399,29.27276,-0.870778431,259.4,-1.6492891,7.34,0.136425648,99.74,2.665980443,"2024-03-08",5.238,5119.082,1460.37,10503.34,1.00568115290588,-4.23231884709412
2024-03-15,32.94,-2.917771883,29.73509,-0.645775445,254.89,-1.738627602,7.5,2.179836512,103.77,4.040505314,"2024-03-15",5.248,5145.218,1444,10345.452,1.00510560291865,-4.24289439708135
2024-03-22,32.58,-1.092896175,29.68408,0.619941094,264.95,3.946800581,7.52,0.266666667,105.99,2.139346632,"2024-03-22",5.244,5205.652,1471.23,10347.002,1.01174566364341,-4.23225433635659
2024-04-12,33.44,0.330033003,28.77597,-3.074857034,300.45,-3.177467694,7.77,-3.237858032,101.04,-2.395672334,"2024-04-12",5.242,5179.082,1459.49,10306.87,0.995494110166527,-4.24650588983347
2024-04-19,32.97,-1.405502392,28.53141,-0.214180917,275.83,-8.194375104,8,2.96010296,89.96,-10.96595408,"2024-04-19",5.25,5022.758,1397.68,9804.336,0.969816272459096,-4.2801837275409
2024-04-26,32.4,-1.728844404,29.49681,1.880925276,289.59,4.988579922,9.1,13.75,89.83,-0.144508671,"2024-04-26",5.248,5060.232,1421.09,9861.088,1.00746084123503,-4.24053915876497
2024-05-03,34.14,5.37037037,31.12949,4.073196784,296.07,2.237646328,8.56,-5.934065934,94.66,5.376822888,"2024-05-03",5.252,5072.448,1460.01,9880.028,1.00241411856215,-4.24958588143785
2024-05-10,31.65,-7.293497364,30.18358,-2.945252566,294.6,-0.496504205,8.38,-2.102803738,97.02,2.493133319,"2024-05-10",5.252,5198.574,1464.32,10075.914,1.02486491729437,-4.22713508270563
2024-05-17,32.04,1.232227488,31.23751,2.022119401,302.82,2.790224033,8.4,0.238663484,96.59,-0.443207586,"2024-05-17",5.248,5275.324,1448.07,10332.882,1.01476366403556,-4.23323633596444
2024-05-24,30.46,-4.93133583,31.2719,0.792496105,308.16,1.763423816,7.85,-6.547619048,95.99,-0.621182317,"2024-05-24",5.254,5301.822,1422.61,10535.09,1.00502300901329,-4.24897699098671
2024-05-31,29.78,-2.232435982,31.00073,1.955292013,296.78,-3.692886812,8.04,2.420382166,93.74,-2.343994166,"2024-05-31",5.2575,5271.495,1419.99,10312.5525,0.994279890950696,-4.2632201090493
2024-06-07,29.51,-0.906648758,30.50252,-2.129015387,308.21,3.851337691,7.82,-2.736318408,90.53,-3.424365266,"2024-06-07",5.254,5325.744,1444.98,10249.544,1.01029100852794,-4.24370899147206
2024-06-14,31.47,6.641816333,30.63696,-0.973907074,313.02,1.56062425,7.21,-7.800511509,88.75,-1.96619905,"2024-06-14",5.25,5404.496,1454.46,10618.298,1.01478704196071,-4.23521295803929
2024-06-21,30.03,-4.575786463,29.64892,-1.490030029,317.74,1.50789087,7.06,-2.080443828,92.96,4.743661972,"2024-06-21",5.24,5474.5125,1476.38,10802.5275,1.01295523208825,-4.22704476791175
2024-06-28,30.65,2.064602065,29.76905,-2.066376574,313.79,-1.243154781,7.9,11.898017,93.74,0.839070568,"2024-06-28",5.232,5467.684,1505.73,10701.818,0.998752674324883,-4.23324732567512
2024-07-05,30.33,-1.044045677,30.34528,0.452021651,316.85,0.97517448,7.43,-5.949367089,95.34,1.706848731,"2024-07-05",5.2375,5522.0775,1541.58,10988.3675,1.00994817915593,-4.22755182084407
2024-07-12,30.91,1.912298055,29.8797,0.976180467,302.27,-4.601546473,7.53,1.34589502,97.94,2.727082022,"2024-07-12",5.222,5596.726,1535.67,11130.984,1.01351819129666,-4.20848180870334
2024-07-19,32,3.526366872,30.59774,-0.106299971,295.09,-2.375359778,7.73,2.656042497,95.1,-2.899734531,"2024-07-19",5.202,5587.256,1517.07,10862.84,0.998307939320238,-4.20369206067976
2024-07-26,29.83,-6.78125,23.18591,-1.631825151,321.88,9.078586194,8.61,11.38421734,93.64,-1.535226078,"2024-07-26",5.176,5481.12,1469.35,10363.348,0.981003913191019,-4.19499608680898
2024-08-02,28.26,-5.263157895,23.39533,0.7452763,330.85,2.786752827,7.38,-14.28571429,91.21,-2.595044853,"2024-08-02",5.122,5443.104,1413.33,9992.876,0.99306419126018,-4.12893580873982
2024-08-09,28.34,0.283085633,24.18559,-0.715153655,339.9,2.73537857,7.12,-3.52303523,92.18,1.063479882,"2024-08-09",5.09,5257.866,1394.38,9504.082,0.965968315137833,-4.12403168486217
2024-08-16,28.22,-0.423429781,24.59394,0.914113239,337.38,-0.741394528,7.35,3.230337079,95.18,3.254502061,"2024-08-16",5.074,5466.3,1465.62,10114.67,1.03964231876583,-4.03435768123417
2024-08-23,29.1,3.118355776,26.09129,1.664543078,342.49,1.514612603,7.65,4.081632653,96.78,1.681025426,"2024-08-23",5.034,5606.294,1491.4,10466.804,1.02561037630573,-4.00838962369427
2024-08-30,28.61,-1.683848797,26.11115,-1.907700376,342.88,0.113871938,7.76,1.437908497,97.67,0.91961149,"2024-08-30",4.976,5615.036,1480.83,10289.864,1.00155931886555,-3.97444068113445
2024-09-06,27.6,-3.530234184,25.39956,-1.292392543,322.77,-5.865025665,7.33,-5.541237113,92.78,-5.006655063,"2024-09-06",4.95,5490.2075,1500.31,9852.97,0.977768886967065,-3.97223111303294
2024-09-13,29.02,5.144927536,26.15824,0.599793557,337.9,4.687548409,7.72,5.320600273,98.85,6.542358267,"2024-09-13",4.852,5548.496,1539.77,9953.966,1.01061681184181,-3.84138318815819
2024-09-20,30.44,4.893177119,25.42085,-1.227964995,365.17,8.07043504,7.5,-2.849740933,103.64,4.845725847,"2024-09-20",4.664,5660.424,1581.18,10140.206,1.02017267382008,-3.64382732617992
2024-09-27,31.2,2.496714849,26.60867,1.37736859,369.2,1.103595586,7.83,4.4,108.74,4.920879969,"2024-09-27",4.508,5731.46,1615.02,10391.738,1.01254958992471,-3.49545041007529
2024-10-04,31.14,-0.192307692,25.61352,-1.01582988,371.45,0.609425785,7.59,-3.0651341,110.87,1.958800809,"2024-10-04",4.502,5726.356,1588.78,10367.554,0.999109476468474,-3.50289052353153
2024-10-11,31.14,0,25.92871,1.47126964,373.7,0.605734285,8.73,15.01976285,114.81,3.553711554,"2024-10-11",4.538,5766.838,1566.28,10621.672,1.0070694172699,-3.5309305827301
2024-10-18,32.41,4.078355812,26.15687,0.263030291,378.88,1.386138614,8.85,1.374570447,114.94,0.113230555,"2024-10-18",4.525,5844.744,1588.67,10622.054,1.0135093096078,-3.5114906903922
2024-10-25,32.38,-0.092564023,25.51061,0.583536158,379.16,0.073902027,8.55,-3.389830508,116.32,1.200626414,"2024-10-25",4.512,5824.116,1607.09,10450.406,0.996470675191249,-3.51552932480875
2024-11-01,32.21,-0.525015442,25.41042,1.359899479,384.5,1.408376411,8.25,-3.50877193,117.15,0.713548831,"2024-11-01",4.46,5780.872,1622.68,10434.56,0.992575010525202,-3.4674249894748
2024-11-08,33,2.452654455,25.39104,1.07242245,400.68,4.208062419,9,9.090909091,123,4.993597951,"2024-11-08",4.434,5878.626,1721.64,10636.438,1.01690990563361,-3.41709009436639
2024-11-15,32.92,-0.242424242,24.36819,-1.962110389,458.32,14.38554457,8.72,-3.111111111,129,4.87804878,"2024-11-15",4.4125,5958.102,1728.12,10675.672,1.01351948567573,-3.39898051432427
2024-11-22,31.85,-3.250303767,23.5261,2.193373401,475.04,3.648106127,9.43,8.142201835,140.29,8.751937984,"2024-11-22",4.422,5929.152,1735.33,10589.218,0.995141070092456,-3.42685892990754
2024-11-29,32.52,2.103610675,24.10561,1.162213418,476.96,0.40417649,9.44,0.106044539,138.25,-1.454130729,"2024-11-29",4.4025,6010.03,1774.06,10778.62,1.01364073648306,-3.38885926351694
2024-12-06,32.41,-0.338253383,24.66824,-0.032581896,498.63,4.543357934,9.37,-0.741525424,136.76,-1.077757685,"2024-12-06",4.348,6069.78,1865.46,10986.298,1.00994171410126,-3.33805828589874
2024-12-13,32.52,0.339401419,25.67322,0.734876067,483.31,-3.072418426,9.05,-3.415154749,135.95,-0.592278444,"2024-12-13",4.262,6054.858,1911.33,10900.236,0.997541591293259,-3.26445840870674
2024-12-20,31.16,-4.18204182,25.41547,1.228097357,460.88,-4.640913699,9.26,2.320441989,133.28,-1.963957337,"2024-12-20",4.244,5958.956,1843.9,10654.25,0.984161147957557,-3.25983885204244
2024-12-27,31.45,0.930680359,25.73987,0.879822288,456.48,-0.954695365,8.86,-4.319654428,131.85,-1.072929172,"2024-12-27",4.2375,6005.635,1900.34,10615.2925,1.00783341914255,-3.22966658085745
2025-01-03,31.02,-1.367249603,24.62252,-1.369786192,466.69,2.236680687,8.49,-4.176072235,129.49,-1.78991278,"2025-01-03",4.21,5923.8575,1821.22,10536.035,0.986383205106537,-3.22361679489346
2025-01-10,29.34,-5.415860735,24.75192,-1.037486491,459.53,-1.534209004,7.92,-6.713780919,128.51,-0.756815198,"2025-01-10",4.218,5856.105,1818.16,10348.1625,0.98856277349683,-3.22943722650317
2025-01-17,30.24,3.067484663,25.34267,0.785038299,485.53,5.657954867,7.91,-0.126262626,135.61,5.524861878,"2025-01-17",4.21,5983.2875,1877.25,10678.915,1.02171793367776,-3.18828206632224
2025-01-24,29.8,-1.455026455,25.45764,-0.065320786,510.43,5.12841637,8.15,3.034134008,140.74,3.782906865,"2025-01-24",4.21,6077.26,1906.55,10867.204,1.01570583061569,-3.19429416938431
2025-01-31,31.8,6.711409396,28.07148,-0.304256645,548.55,7.468213075,8.31,1.963190184,144.68,2.799488418,"2025-01-31",4.206,6036.692,1915.52,10823.15,0.993324623267723,-3.21267537673228
2025-02-07,32.72,2.893081761,27.84876,1.712795565,622.99,13.57032176,7.96,-4.21179302,148.31,2.508985347,"2025-02-07",4.228,6061.196,1869.46,11044.148,1.00405917678093,-3.22394082321907
2025-02-14,36.3,10.94132029,30.35472,1.656594126,638.18,2.438241384,8.04,1.005025126,153.76,3.674735352,"2025-02-14",4.225,6102.8125,1860.46,11328.89,1.00686605415829,-3.21813394584171
2025-02-21,35.26,-2.865013774,29.31733,-0.708515359,607.38,-4.826224576,7.7,-4.228855721,149.4,-2.835587929,"2025-02-21",4.204,6042.66,1822.52,11038.55,0.990143478928773,-3.21385652107123
2025-02-28,33.7,-4.424276801,27.91595,-1.634749113,608.01,0.103724192,7.83,1.688311688,143.36,-4.042838019,"2025-02-28",4.202,5880,1698.84,10345.418,0.973081391307802,-3.2289186086922
